INSERT INTO Tournament (TournamentID, TournamentName, ParentTournamentID) VALUES
(1, 'Лига России 2024', NULL),
(2, 'Кубок Мира 2024', NULL),
(3, 'Отборочный турнир Лиги России 2024', 1),
(4, 'Отборочный турнир 1 этап Кубка Мира 2024 в Москве', 6),
(5, 'Отборочный турнир 1 этап Кубка Мира 2024 в СПб', 6),
(6, 'Отборочный турнир 2 этап Кубка Мира 2024', 2),
(7, 'Региональный турнир Северо-Запада', NULL);

INSERT INTO Team (TeamID, Name, Hometown) VALUES
(1, 'ПФК "Кристалл"', 'Санкт-Петербург'),
(4, 'Локомотив', 'Москва'),
(3, 'КПФ "САРАТОВ"', 'Саратов'),
(2, 'ПФК "Спартак"', 'Москва'),
(5, 'Сборная России', 'Россия'),
(6, 'Сборная Кореи', 'Корея');

-- Участие команд в Лиге России 2024
INSERT INTO TournamentParticipation (TournamentID, TeamID, Status) VALUES
(1, 3, 'Участвует'),
(1, 2, 'Участвует'),
(1, 1, 'В рассмотрении'),
(1, 6, 'В рассмотрении');

--отборе на нее
INSERT INTO TournamentParticipation (TournamentID, TeamID, Status) VALUES
(3, 1, 'Участвует'),
(3, 2, 'Участвует'),
(3, 3, 'Участвует'),
(3, 4, 'В рассмотрении');

-- Участие команд в Кубке Мира 2024
INSERT INTO TournamentParticipation (TournamentID, TeamID, Status) VALUES
(2, 2, 'Участвует'),
(2, 5, 'Участвует');

--Отборов на них
INSERT INTO TournamentParticipation (TournamentID, TeamID, Status) VALUES
(4, 1, 'Заявка отклонена'),
(4, 2, 'Участвует'),
(4, 3, 'Участвует'),
(5, 4, 'Участвует'),
(5, 5, 'Участвует'),
(5, 6, 'Участвует'),
(6, 2, 'Участвует'),
(6, 5, 'Участвует'),
(6, 6, 'Участвует');

INSERT INTO Match (MatchID, TournamentID, DateTime) VALUES
(1, 5, '2023-07-12 18:00'),
(2, 5, '2023-07-13 06:00'),
(3, 5, '2023-07-14 12:00'),
(4, 4, '2023-07-15 18:00'),
(5, 6, '2024-01-16 12:00'),
(6, 6, '2024-01-28 12:00'),
(7, 6, '2024-01-17 13:00'),
(8, 2, '2024-01-20 15:00'),
(9, 3, '2024-01-21 17:00'),
(10, 3, '2024-02-14 16:00'),
(11, 3, '2024-02-15 18:00'),
(12, 1, '2024-02-17 14:00');

INSERT INTO Player (PlayerID, Name, Nationality, Birthdate) VALUES
(1, 'Обозный Василий Павлович', 'Россия', '2002-07-23'),
(2, 'Да Силва Барбоза Пауло Виктор (Паулиньо)', 'Бразилия', '1993-08-12'),
(3, 'Пархоменко Денис Геннадьевич', 'Россия', '1998-08-02'),
(4, 'Васильев Алексей Александрович', 'Россия', '2000-01-23'),
(5, 'Дуарте да Силва Филипе', 'Бразилия', '1993-09-12'),
(6, 'Соареш да Коста Родриго', 'Бразилия', '1992-03-10'),
(7, 'Котенев Андрей Владимирович', 'Россия', '1989-07-21'),
(8, 'Ли Дон Ук', 'Корея', '1981-11-06'),
(9, 'Иванов Иван Иванович', 'Россия', '1991-03-17'),
(10, 'Иванов Иван Иванович', 'Россия', '2000-02-28'),
(11, 'Аркан Максим Иванович', 'Россия', '2001-03-28'),
(12, 'Лукьянов Артем Алексеевич', 'Россия', '2002-04-27'),
(13, 'Лукьянов Андрей Алексеевич', 'Россия', '2003-05-26'),
(14, 'Шкарин Антон Павлович', 'Россия', '2004-06-25'),
(15, 'Оливейра Де Кастро Луис Энрике', 'Россия', '2005-07-24'),
(16, 'Федоров Спартак Максимович', 'Россия', '2006-08-23'),
(17, 'Федоров Федор Максимович', 'Россия', '1990-08-23'),
(18, 'Федоров Алексей Максимович', 'Россия', '2006-08-23');

INSERT INTO MatchParticipation (MatchID, TeamID, ScoreTeam) VALUES
(1, 4, 0),
(1, 5, 3),
(2, 5, 2),
(2, 6, 1),
(3, 4, 1),
(3, 6, 2),
(4, 2, 3),
(4, 3, 0),
(5, 2, 3),
(5, 5, 0),
(6, 2, 2),
(6, 6, 1),
(7, 5, 3),
(7, 6, 0),
(8, 2, 2),
(8, 5, 1),
(9, 1, 0),
(9, 2, 3),
(10, 2, 1),
(10, 3, 2),
(11, 1, 0),
(11, 3, 3),
(12, 2, 0),
(12, 3, 3);

INSERT INTO TeamMembershipHistory (HistoryMembershipID, PlayerID, TeamID, PlayerNumber, JoinDate, LeaveDate) VALUES
(1, 1, 1, 10, '2023-01-01', NULL),
(2, 2, 1, 9, '2023-01-01', NULL),
(3, 3, 1, 8, '2023-01-01', NULL),
(4, 4, 2, 7, '2023-01-01', NULL),
(5, 5, 2, 11, '2023-01-01', NULL),
(6, 6, 2, 15, '2023-01-01', NULL),
(7, 7, 3, 3, '2023-01-01', NULL),
(8, 8, 3, 99, '2023-01-01', NULL),
(9, 9, 3, 54, '2023-01-01', NULL),
(10, 10, 4, 31, '2023-01-01', NULL),
(11, 11, 4, 78, '2023-01-01', NULL),
(12, 16, 1, 11, '2023-01-01', '2023-03-30'),
(13, 13, 5, 18, '2023-05-01', NULL),
(14, 17, 2, 21, '2023-01-01', '2023-08-30'),
(15, 12, 4, 22, '2023-07-01', NULL),
(16, 18, 3, 23, '2023-01-01', '2023-07-30'),
(17, 13, 5, 32, '2023-01-01', '2023-05-30'),
(18, 14, 4, 41, '2023-01-01', '2023-06-30'),
(19, 14, 5, 14, '2023-07-01', NULL),
(20, 15, 5, 51, '2023-01-01', '2023-06-30'),
(21, 15, 5, 55, '2023-07-01', '2024-02-01'),
(25, 15, 5, 55, '2024-02-01', NULL),
(22, 17, 6, 56, '2023-01-01', NULL),
(24, 18, 6, 66, '2023-01-01', NULL),
(23, 16, 6, 76, '2023-04-01', NULL);

--Голы и пенальти
INSERT INTO EventLog (EventID, MatchID, EventType, EventTime, PlayerID) VALUES
--счет 1:2
(1, 1, 'goal', 15, 10), 
(2, 1, 'goal', 30, 13), 
(3, 1, 'goal', 31, 13), 
--счет 2:2, серия пенальти 3:1
--Голы в основное время
(4, 2, 'goal', 22, 13), 
(5, 2, 'autogoal', 37, 13),
(6, 2, 'autogoal', 38, 17),
(7, 2, 'goal', 38, 18),
--Пенальти
(8, 2, 'success penalty', 39, 13),
(9, 2, 'fail penalty', 39, 16),
(10, 2, 'success penalty', 39, 14),
(11, 2, 'success penalty', 39, 15),
(12, 2, 'success penalty', 39, 17),
--счет 1:1, серия пенальти 1:0
--Голы в основное время
(13, 3, 'goal', 10, 10), 
(14, 3, 'goal', 10, 18),
--Пенальти
(15, 3, 'success penalty', 39, 11),
(16, 3, 'fail penalty', 39, 17),
--счет 1:0
(17, 4, 'goal', 28, 4),
-- счет 2:0
(18, 5, 'goal', 33, 4),
(19, 5, 'goal', 36, 6),
--счет 0:0, серия пенальти 1:0
--Пенальти
(20, 6, 'success penalty', 39, 6),
(59, 6, 'fail penalty', 39, 18),
(21, 6, 'fail penalty', 39, 17),
--счет 3:0
(22, 7, 'goal', 19, 15),
(23, 7, 'goal', 31, 15),
(24, 7, 'goal', 32, 15),
--счет 1:1, серия пенальти 1:0
--Голы в основное время
(47, 8, 'goal', 12, 4),
(48, 8, 'goal', 29, 13),
--Пенальти
(49, 8, 'success penalty', 39, 4),
(50, 8, 'fail penalty', 39, 13),
--счет 2:0
(51, 9, 'goal', 33, 4),
(70, 9, 'goal', 33, 4),
--счет 0:0, серия пенальти 0:1
(52, 10, 'success penalty', 22, 7),
(53, 10, 'fail penalty', 22, 4),
(54, 11, 'goal', 18, 8),
(55, 12, 'goal', 27, 5);

--Карточки
INSERT INTO EventLog (EventID, MatchID, EventType, EventTime, PlayerID) VALUES
(46, 1, 'yellow card', 25, 10),
(25, 2, 'red card', 20, 14),
(26, 1, 'yellow card', 24, 10),
(27, 1, 'red card', 11, 15),
(28, 2, 'yellow card', 7, 15),
(29, 2, 'yellow card', 39, 15),
(30, 3, 'red card', 3, 10),
(31, 3, 'yellow card', 2, 18),
(32, 4, 'yellow card', 15, 5),
(33, 4, 'red card', 34, 9),
(34, 5, 'yellow card', 25, 6),
(35, 5, 'yellow card', 7, 6),
(36, 6, 'yellow card', 4, 18),
(37, 6, 'red card', 9, 18),
(38, 7, 'yellow card', 33, 18),
(39, 7, 'yellow card', 33, 18);